experiment,scenario,comparator,metric,n,rwssa_minus_comparator_mean,sd,ci95_lo,ci95_hi,directional_wins,wilcoxon_two_sided_p
sanity,clean,xfedalign_median,artifact_fidelity_jsd,1,-0.0015035509887522114,0.0,-0.0015035509887522114,-0.0015035509887522114,1,nan
sanity,clean,xfedalign_median,sample_fidelity_jsd,1,0.018013437427245343,0.0,0.018013437427245343,0.018013437427245343,0,nan
sanity,clean,xfedalign_median,pairwise_edi,1,-0.10501879083596233,0.0,-0.10501879083596233,-0.10501879083596233,1,nan
sanity,clean,xfedalign_median,reference_edi,1,-0.09074408008997359,0.0,-0.09074408008997359,-0.09074408008997359,1,nan
sanity,clean,xfedalign_median,deletion_auc,1,-0.00029410090711379233,0.0,-0.00029410090711379233,-0.00029410090711379233,1,nan
sanity,clean,xfedalign_median,insertion_auc,1,0.00041760338677304665,0.0,0.00041760338677304665,0.00041760338677304665,1,nan
sanity,clean,xfedalign_median,topk_oracle_overlap,1,0.04861111111111109,0.0,0.04861111111111109,0.04861111111111109,1,nan
sanity,clean,xfedalign_median,excess_fidelity_risk,1,0.0033014816646062053,0.0,0.0033014816646062053,0.0033014816646062053,0,nan
sanity,clean,xfedalign_median,excess_fidelity_risk_p90,1,-0.010837953874990099,0.0,-0.010837953874990099,-0.010837953874990099,1,nan
sanity,clean,xfedalign_median,communication_bytes_per_client_artifact,1,4096.0,0.0,4096.0,4096.0,0,nan
sanity,clean,xfedalign_median,selected_beta_mean,1,0.7999999999999999,0.0,0.7999999999999999,0.7999999999999999,0,nan
sanity,clean,xfedalign_median,selected_beta_min,1,0.8,0.0,0.8,0.8,0,nan
sanity,clean,xfedalign_median,selected_beta_max,1,0.8,0.0,0.8,0.8,0,nan
sanity,clean,iflash_proxy,artifact_fidelity_jsd,1,0.12889613755157642,0.0,0.12889613755157642,0.12889613755157642,0,nan
sanity,clean,iflash_proxy,sample_fidelity_jsd,1,-0.23019462933067744,0.0,-0.23019462933067744,-0.23019462933067744,1,nan
sanity,clean,iflash_proxy,pairwise_edi,1,0.35835559456660143,0.0,0.35835559456660143,0.35835559456660143,0,nan
sanity,clean,iflash_proxy,reference_edi,1,0.22172269006692358,0.0,0.22172269006692358,0.22172269006692358,0,nan
sanity,clean,iflash_proxy,deletion_auc,1,-0.002636171049541891,0.0,-0.002636171049541891,-0.002636171049541891,1,nan
sanity,clean,iflash_proxy,insertion_auc,1,0.002618845966127159,0.0,0.002618845966127159,0.002618845966127159,1,nan
sanity,clean,iflash_proxy,topk_oracle_overlap,1,0.125,0.0,0.125,0.125,1,nan
sanity,clean,iflash_proxy,excess_fidelity_risk,1,-0.23019462933067739,0.0,-0.23019462933067739,-0.23019462933067739,1,nan
sanity,clean,iflash_proxy,excess_fidelity_risk_p90,1,-0.23283606627702827,0.0,-0.23283606627702827,-0.23283606627702827,1,nan
sanity,clean,iflash_proxy,communication_bytes_per_client_artifact,1,4080.0,0.0,4080.0,4080.0,0,nan
sanity,clean,iflash_proxy,selected_beta_mean,1,0.0,0.0,0.0,0.0,0,nan
sanity,clean,iflash_proxy,selected_beta_min,1,0.0,0.0,0.0,0.0,0,nan
sanity,clean,iflash_proxy,selected_beta_max,1,0.0,0.0,0.0,0.0,0,nan
sanity,clean,iflash_proxy,extra_safety_bytes_per_client,1,4080.0,0.0,4080.0,4080.0,0,nan
sanity,clean,fedattr_mean,artifact_fidelity_jsd,1,0.12842559966655093,0.0,0.12842559966655093,0.12842559966655093,0,nan
sanity,clean,fedattr_mean,sample_fidelity_jsd,1,-0.23066150082750034,0.0,-0.23066150082750034,-0.23066150082750034,1,nan
sanity,clean,fedattr_mean,pairwise_edi,1,0.35835559456660143,0.0,0.35835559456660143,0.35835559456660143,0,nan
sanity,clean,fedattr_mean,reference_edi,1,0.22172269006692355,0.0,0.22172269006692355,0.22172269006692355,0,nan
sanity,clean,fedattr_mean,deletion_auc,1,-0.002636172705226536,0.0,-0.002636172705226536,-0.002636172705226536,1,nan
sanity,clean,fedattr_mean,insertion_auc,1,0.002618842654758091,0.0,0.002618842654758091,0.002618842654758091,1,nan
sanity,clean,fedattr_mean,topk_oracle_overlap,1,0.11805555555555555,0.0,0.11805555555555555,0.11805555555555555,1,nan
sanity,clean,fedattr_mean,communication_bytes_per_client_artifact,1,4096.0,0.0,4096.0,4096.0,0,nan
sanity,clean,fedattr_mean,selected_beta_mean,1,0.7999999999999999,0.0,0.7999999999999999,0.7999999999999999,0,nan
sanity,clean,fedattr_mean,selected_beta_min,1,0.8,0.0,0.8,0.8,0,nan
sanity,clean,fedattr_mean,selected_beta_max,1,0.8,0.0,0.8,0.8,0,nan
sanity,clean,rwssa_binary,artifact_fidelity_jsd,1,0.0020604913002013614,0.0,0.0020604913002013614,0.0020604913002013614,0,nan
sanity,clean,rwssa_binary,sample_fidelity_jsd,1,0.025449481095940696,0.0,0.025449481095940696,0.025449481095940696,0,nan
sanity,clean,rwssa_binary,pairwise_edi,1,-0.03991572047318759,0.0,-0.03991572047318759,-0.03991572047318759,1,nan
sanity,clean,rwssa_binary,reference_edi,1,-0.03130149558348477,0.0,-0.03130149558348477,-0.03130149558348477,1,nan
sanity,clean,rwssa_binary,deletion_auc,1,1.0520219802856445e-05,0.0,1.0520219802856445e-05,1.0520219802856445e-05,0,nan
sanity,clean,rwssa_binary,insertion_auc,1,-9.074972735506615e-05,0.0,-9.074972735506615e-05,-9.074972735506615e-05,0,nan
sanity,clean,rwssa_binary,topk_oracle_overlap,1,-0.00694444444444442,0.0,-0.00694444444444442,-0.00694444444444442,0,nan
sanity,clean,rwssa_binary,excess_fidelity_risk,1,0.023104370679750817,0.0,0.023104370679750817,0.023104370679750817,0,nan
sanity,clean,rwssa_binary,excess_fidelity_risk_p90,1,0.019870826142350972,0.0,0.019870826142350972,0.019870826142350972,0,nan
sanity,clean,rwssa_binary,communication_bytes_per_client_artifact,1,0.0,0.0,0.0,0.0,0,nan
sanity,clean,rwssa_binary,selected_beta_mean,1,0.25,0.0,0.25,0.25,0,nan
sanity,clean,rwssa_binary,selected_beta_min,1,0.25,0.0,0.25,0.25,0,nan
sanity,clean,rwssa_binary,selected_beta_max,1,0.25,0.0,0.25,0.25,0,nan
sanity,clean,rwssa_binary,extra_safety_bytes_per_client,1,0.0,0.0,0.0,0.0,0,nan
