seed,kind,client,local_index,pred_class,input_only_jsd,input_only_topk,private_field_jsd,private_field_topk,private_field_48_jsd,private_field_48_topk,fixed_peer_0p2_jsd,fixed_peer_0p2_topk,fixed_peer_0p2_full48_jsd,fixed_peer_0p2_full48_topk,adaptive_peer_jsd,adaptive_peer_topk
6102,patch,0,0,3,0.07344663422357314,0.3958333333333333,0.07665790422879656,0.4791666666666667,0.07776741878369559,0.4791666666666667,0.07734648739706514,0.5208333333333334,0.0780239502458693,0.4791666666666667,0.07925850123223926,0.4791666666666667
6102,patch,0,1,4,0.1019909931779827,0.375,0.08602793986027092,0.5208333333333334,0.0850536758558896,0.5416666666666666,0.08507407006323246,0.5208333333333334,0.08431768203077393,0.5625,0.08428482504675071,0.5416666666666666
6102,patch,0,2,3,0.0779348283203048,0.3125,0.07246219602508865,0.4583333333333333,0.07585119527881329,0.375,0.07342986478934094,0.4375,0.07582062162959899,0.375,0.07560611316473417,0.3333333333333333
6102,patch,0,3,1,0.06744332003843875,0.7916666666666666,0.060097825233666524,0.7916666666666666,0.0591052331785234,0.7708333333333334,0.05972553829621628,0.7708333333333334,0.059054409712725915,0.7916666666666666,0.05955483284845644,0.7708333333333334
6102,patch,0,4,4,0.08313834704195333,0.5625,0.060343172184635044,0.7291666666666666,0.0668438999069961,0.6041666666666666,0.06184392426033091,0.7083333333333334,0.06677190014285775,0.6041666666666666,0.06408399345001428,0.6875
6102,patch,0,5,8,0.08466803458105505,0.3958333333333333,0.07712930378039123,0.4375,0.07750616166734017,0.3958333333333333,0.07726035082776354,0.4166666666666667,0.07755869575691476,0.4166666666666667,0.07836803949913598,0.3958333333333333
6102,patch,0,6,8,0.09301325789161788,0.4166666666666667,0.08051587932213228,0.4166666666666667,0.08106159154386239,0.4583333333333333,0.07947413261849444,0.4375,0.08034440866817479,0.4583333333333333,0.08006701744496345,0.4583333333333333
6102,patch,0,7,4,0.058748474202600404,0.75,0.04254397014544675,0.7916666666666666,0.04395656656819146,0.7916666666666666,0.041698528479050916,0.7916666666666666,0.04284485400641172,0.7916666666666666,0.041292678084196836,0.7916666666666666
6102,patch,0,8,0,0.0807410911801453,0.625,0.07018126593492025,0.6666666666666666,0.06924707066137109,0.625,0.06958449957825388,0.6458333333333334,0.06864830333962768,0.625,0.0708548616800489,0.6041666666666666
6102,patch,0,9,7,0.08762453303678444,0.6666666666666666,0.08735202029796159,0.6666666666666666,0.08656158560414529,0.6666666666666666,0.0876532621140752,0.6666666666666666,0.08735023914968931,0.6666666666666666,0.08813203540542319,0.6875
6102,patch,0,10,5,0.11102730656032386,0.6666666666666666,0.09408001765539149,0.6875,0.09829211542315142,0.6666666666666666,0.09091672956870245,0.7083333333333334,0.0945522378432648,0.6875,0.09030060591740582,0.6875
6102,patch,0,11,3,0.07731357277226603,0.4166666666666667,0.07808853997052217,0.4375,0.0792912766599131,0.4166666666666667,0.07421413417107796,0.4583333333333333,0.07561927080025538,0.4375,0.07287059768765324,0.4583333333333333
6102,patch,0,12,9,0.08934110819883646,0.4583333333333333,0.08953942349199982,0.4375,0.09386194684378715,0.375,0.08896596313968368,0.4791666666666667,0.09179568758876172,0.4166666666666667,0.08888811203798284,0.5
6102,patch,0,13,8,0.08317475837283086,0.5416666666666666,0.07333121487538934,0.6666666666666666,0.07550255258525648,0.6458333333333334,0.07371615234760837,0.6666666666666666,0.07517718580060982,0.6875,0.07469682161452333,0.5833333333333334
6102,patch,0,14,7,0.07918214923085205,0.4583333333333333,0.08190479017534419,0.375,0.08524814488399862,0.375,0.08376540138581057,0.3333333333333333,0.08669412742715048,0.3541666666666667,0.08710948893422209,0.2916666666666667
6102,patch,0,15,7,0.05878107372551178,0.5208333333333334,0.05666183338159011,0.5833333333333334,0.05796579953215225,0.5208333333333334,0.05817705050814184,0.5416666666666666,0.05954256536725746,0.5,0.06120368596426557,0.5416666666666666
6102,patch,0,16,4,0.08354114901396108,0.6875,0.06480970636358452,0.75,0.06361911924755966,0.75,0.06492385278597686,0.7291666666666666,0.06438293754844632,0.7291666666666666,0.06522466110997585,0.7291666666666666
6102,patch,0,17,9,0.07107643343196077,0.2916666666666667,0.07931437474507404,0.4791666666666667,0.07766090792425767,0.4791666666666667,0.07685448265043546,0.5208333333333334,0.07676399087401467,0.5,0.07580583949423525,0.5208333333333334
6102,patch,0,18,5,0.0931751094583233,0.3541666666666667,0.08891907177494601,0.4583333333333333,0.08988615129744405,0.4583333333333333,0.08809292013781486,0.4583333333333333,0.08879047180446112,0.4791666666666667,0.08832566943403526,0.5
6102,patch,0,19,3,0.06768073579631688,0.5833333333333334,0.06790602832577285,0.5625,0.07064264462256914,0.5416666666666666,0.0676323534494465,0.5625,0.06955904091064861,0.5833333333333334,0.068380090289443,0.5416666666666666
6102,patch,0,20,5,0.0653973607766859,0.6875,0.0703132707619121,0.6875,0.07335836270625043,0.6875,0.06648233468844439,0.6875,0.0689729700705463,0.6875,0.0646032658895914,0.6875
6102,patch,0,21,4,0.08769832456964964,0.6458333333333334,0.06721579109398135,0.6875,0.06772516281327577,0.7083333333333334,0.06803157369267217,0.6875,0.06821915796427479,0.6875,0.06869515238099665,0.6875
6102,patch,0,22,1,0.07503907649317086,0.7291666666666666,0.0745406840446921,0.7083333333333334,0.07264164414283351,0.6875,0.07035262901124106,0.75,0.06906954300312108,0.75,0.06779089845057451,0.7291666666666666
6102,patch,0,23,3,0.0887739708582766,0.5,0.08795890735995165,0.5416666666666666,0.08747729457617694,0.5625,0.08205884661129911,0.6041666666666666,0.08324506161104493,0.625,0.07942870136872907,0.6458333333333334
6102,patch,0,24,6,0.08746840187231181,0.5208333333333334,0.09358954538544115,0.4791666666666667,0.09293755605961812,0.4583333333333333,0.0899949505945399,0.4791666666666667,0.08987315240697484,0.4791666666666667,0.08791530105753431,0.5
6102,patch,0,25,3,0.07072363501078194,0.3541666666666667,0.07075321615079742,0.4583333333333333,0.07068385869121835,0.4375,0.07020084212904057,0.4375,0.07039974081470363,0.4166666666666667,0.07051318397632123,0.4375
6102,patch,0,26,1,0.07979516931086268,0.7291666666666666,0.060324544572047493,0.7708333333333334,0.05857423037133902,0.75,0.06063227108267752,0.75,0.05949078479486235,0.7291666666666666,0.0621229525649705,0.7291666666666666
6102,patch,0,27,7,0.09521921459287028,0.5416666666666666,0.12035495562194096,0.375,0.1197082360634705,0.375,0.11721654311632218,0.375,0.11811740072348768,0.3541666666666667,0.1159327179597521,0.3958333333333333
6102,patch,0,28,7,0.1064357047026326,0.75,0.10927727563056232,0.7708333333333334,0.1101082918830801,0.7708333333333334,0.1103558421581193,0.7708333333333334,0.11191424377879877,0.7708333333333334,0.11233559234171303,0.7708333333333334
6102,patch,0,29,5,0.08188687562881403,0.6041666666666666,0.09480229086089595,0.5833333333333334,0.09504577512666096,0.5625,0.08754876838784252,0.5833333333333334,0.08706818115417905,0.5833333333333334,0.08525515941086921,0.5833333333333334
6102,patch,0,30,3,0.0810464088272047,0.6458333333333334,0.07509522534273216,0.625,0.07479156345360348,0.6458333333333334,0.0751854401665357,0.625,0.07518527897258818,0.625,0.07566677925154211,0.6875
6102,patch,0,31,6,0.09429725018901229,0.3958333333333333,0.0956697670908914,0.3333333333333333,0.09826172980170056,0.3125,0.09457394934910326,0.3125,0.09649809665810521,0.3125,0.09431450819173927,0.3333333333333333
6102,patch,0,32,9,0.08752932217721417,0.5416666666666666,0.07489021677330869,0.625,0.08069606364439563,0.625,0.0756925770648765,0.6458333333333334,0.07964462071791792,0.625,0.07745427839005456,0.6666666666666666
6102,patch,0,33,6,0.07155070879433259,0.625,0.08027688633730257,0.5416666666666666,0.08098247508493078,0.5625,0.07518741259413572,0.5416666666666666,0.07529530771083526,0.5625,0.07253424441320055,0.5625
6102,patch,0,34,2,0.08040410815444043,0.5416666666666666,0.09606511836546655,0.5,0.09518241041386377,0.4791666666666667,0.08950260830521016,0.5208333333333334,0.0894953409764517,0.5208333333333334,0.08694146951381124,0.5833333333333334
6102,patch,0,35,6,0.06673203712287458,0.4375,0.06289634506279557,0.5,0.06491163990942168,0.4791666666666667,0.06246642629723626,0.4791666666666667,0.06388368203747397,0.4791666666666667,0.06339320924752088,0.5
6102,patch,0,36,7,0.06662993643486238,0.7083333333333334,0.06505671705204555,0.625,0.06673126241393287,0.6666666666666666,0.06796874510091921,0.6666666666666666,0.06919947869385629,0.6458333333333334,0.07199283333075883,0.6458333333333334
6102,patch,0,37,0,0.09237654866633037,0.5833333333333334,0.06744017080632515,0.6875,0.0681781480354732,0.6666666666666666,0.07049125271332383,0.6458333333333334,0.07053777694222294,0.6458333333333334,0.07473314999865732,0.6041666666666666
6102,patch,0,38,5,0.09813363811954572,0.3541666666666667,0.10050754509395618,0.3541666666666667,0.10271281886954436,0.3333333333333333,0.09483123657443664,0.375,0.09637787973458328,0.375,0.09315198560046065,0.375
6102,patch,0,39,0,0.07281476809982754,0.6458333333333334,0.06082464770461616,0.6875,0.06023631290435873,0.6666666666666666,0.06151939792121161,0.6875,0.05993396608004222,0.6666666666666666,0.0633083946908699,0.6666666666666666
6102,patch,0,40,2,0.08801148419217697,0.4583333333333333,0.09698965175950891,0.4166666666666667,0.09509732599117364,0.375,0.09302967707581894,0.4166666666666667,0.09286728828317234,0.3541666666666667,0.09086137866482306,0.3541666666666667
6102,patch,0,41,0,0.10026428178375592,0.5416666666666666,0.08608351675832866,0.6666666666666666,0.08628149583174007,0.625,0.08657026656996515,0.6666666666666666,0.0861198141565074,0.6458333333333334,0.08813680412021957,0.6458333333333334
6102,patch,0,42,5,0.07857820159410239,0.6875,0.08841221971804741,0.6875,0.09116532412609679,0.75,0.08114630664700931,0.75,0.08337123094752699,0.7708333333333334,0.07883726227251983,0.75
6102,patch,0,43,4,0.07058233544189724,0.4583333333333333,0.06263438627088662,0.5833333333333334,0.06677085215218477,0.5,0.06325813099496864,0.5625,0.0661944745251954,0.5,0.0644963672181848,0.5416666666666666
6102,patch,0,44,0,0.09776988103817999,0.6041666666666666,0.07822252567083246,0.6666666666666666,0.07983657776159715,0.6041666666666666,0.08037972094414221,0.6666666666666666,0.08125622661218895,0.6458333333333334,0.08345365699871174,0.625
6102,patch,0,45,5,0.07607630011852877,0.6666666666666666,0.07739018375246474,0.6041666666666666,0.0773670675148713,0.6041666666666666,0.07335902178135897,0.6458333333333334,0.07304025230743567,0.625,0.07266148999266595,0.6458333333333334
6102,patch,0,46,9,0.09960020731783105,0.22916666666666666,0.08596472360908258,0.4166666666666667,0.08989353146570134,0.375,0.08677092987618797,0.3958333333333333,0.08973013219977738,0.375,0.08863366381759752,0.375
6102,patch,0,47,1,0.07028146229951501,0.8125,0.0604811029139699,0.7708333333333334,0.05729922865153903,0.7708333333333334,0.06080357870538744,0.7708333333333334,0.05874950320557176,0.7708333333333334,0.06124936562998604,0.7708333333333334
6102,patch,1,0,1,0.07437690210680596,0.8541666666666666,0.05414322054002058,0.8541666666666666,0.05387924184448545,0.8541666666666666,0.053547419598037604,0.875,0.05357962846638725,0.875,0.05414322054002058,0.8541666666666666
6102,patch,1,1,3,0.07279161457497989,0.5208333333333334,0.07103874889185262,0.5,0.06670041894232084,0.5208333333333334,0.06749532334597963,0.5,0.06514808783825309,0.5,0.07103874889185262,0.5
6102,patch,1,2,5,0.09044428229158069,0.4583333333333333,0.07062118802358307,0.6458333333333334,0.07023785263320652,0.625,0.07254408361634407,0.6041666666666666,0.07225456432675356,0.6041666666666666,0.07062118802358307,0.6458333333333334
6102,patch,1,3,0,0.057798859279179195,0.625,0.05624529860447125,0.6458333333333334,0.05540458623517751,0.6458333333333334,0.05667959521371309,0.6458333333333334,0.05585791118450652,0.6666666666666666,0.05624529860447125,0.6458333333333334
6102,patch,1,4,2,0.07687269385403134,0.625,0.07909790442672227,0.5625,0.07766640668720359,0.5416666666666666,0.07713741861506153,0.5625,0.07688028765318111,0.5416666666666666,0.07909790442672227,0.5625
6102,patch,1,5,8,0.07281015531922064,0.4375,0.07287793871732424,0.4583333333333333,0.07210089663068088,0.4791666666666667,0.07251833084854609,0.5,0.07231799404628639,0.5208333333333334,0.07287793871732424,0.4583333333333333
6102,patch,1,6,5,0.09638804367537723,0.6458333333333334,0.08038224059505254,0.6666666666666666,0.07597211273935564,0.6666666666666666,0.07608092856395884,0.7291666666666666,0.07538541062891593,0.7291666666666666,0.08038224059505254,0.6666666666666666
6102,patch,1,7,0,0.09898756221962438,0.3333333333333333,0.09033485042358125,0.4583333333333333,0.09012014710840022,0.4791666666666667,0.09229791481816928,0.4166666666666667,0.09089850882788247,0.5,0.09033485042358125,0.4583333333333333
6102,patch,1,8,3,0.07387878283538124,0.8125,0.05903226988680514,0.75,0.05998489326356528,0.7708333333333334,0.061254956181959204,0.75,0.06251814681388132,0.7708333333333334,0.05903226988680514,0.75
6102,patch,1,9,9,0.09747934708347322,0.6041666666666666,0.06885871410131483,0.6666666666666666,0.06677083090672398,0.6666666666666666,0.0693313777523347,0.7291666666666666,0.06820635268549494,0.7083333333333334,0.06885871410131483,0.6666666666666666
6102,patch,1,10,2,0.0733942589404913,0.22916666666666666,0.07973562369244858,0.3541666666666667,0.07570822090894654,0.375,0.0781077797566207,0.375,0.07583146654628686,0.375,0.07973562369244858,0.3541666666666667
6102,patch,1,11,7,0.0746745065992814,0.5625,0.062145817654215396,0.5625,0.06210347341702706,0.5833333333333334,0.06097473687145469,0.5833333333333334,0.06131207956007913,0.5833333333333334,0.062145817654215396,0.5625
6102,patch,1,12,9,0.10045221614974206,0.6458333333333334,0.07235203035864876,0.6458333333333334,0.07081511924063616,0.625,0.07247885123832193,0.625,0.07240282373229447,0.625,0.07235203035864876,0.6458333333333334
6102,patch,1,13,4,0.08715646055030281,0.4583333333333333,0.08544420356613065,0.5208333333333334,0.08320657744837015,0.5416666666666666,0.08426246885284677,0.5208333333333334,0.08340189453034448,0.5208333333333334,0.08544420356613065,0.5208333333333334
6102,patch,1,14,3,0.08109285065134941,0.5,0.06816140873571538,0.5625,0.06725613450803408,0.5625,0.06841380788290148,0.5625,0.06837345849854298,0.5625,0.06816140873571538,0.5625
6102,patch,1,15,3,0.0752577387401416,0.5416666666666666,0.0586446425377551,0.6458333333333334,0.057949313076286854,0.6458333333333334,0.0590225441624475,0.6458333333333334,0.058936178919796425,0.6458333333333334,0.0586446425377551,0.6458333333333334
6102,patch,1,16,8,0.0920243815083916,0.5416666666666666,0.08706900200991272,0.5833333333333334,0.08739175178429281,0.625,0.08778446746731819,0.5625,0.08854871894152333,0.5625,0.08706900200991272,0.5833333333333334
6102,patch,1,17,1,0.057586450894948654,0.8958333333333334,0.03295930210700809,0.8958333333333334,0.03305302576115639,0.8958333333333334,0.03226672569273298,0.8958333333333334,0.03210415702295579,0.9166666666666666,0.03295930210700809,0.8958333333333334
6102,patch,1,18,8,0.08674148069674323,0.14583333333333334,0.08721781479596574,0.3125,0.08706151545633486,0.3958333333333333,0.08654912932343481,0.375,0.08677610549616219,0.3958333333333333,0.08721781479596574,0.3125
6102,patch,1,19,2,0.10163200148993487,0.3333333333333333,0.10339109718930847,0.5,0.10661266674519093,0.4375,0.10379481457108466,0.4583333333333333,0.10640732865377062,0.4583333333333333,0.10339109718930847,0.5
6102,patch,1,20,9,0.09518201277392334,0.7291666666666666,0.06594542002836228,0.7291666666666666,0.06440045502162622,0.75,0.06579602766813128,0.75,0.06515703132811669,0.7708333333333334,0.06594542002836228,0.7291666666666666
6102,patch,1,21,9,0.11033361476525737,0.3958333333333333,0.0820547956766956,0.625,0.07747745353733194,0.6458333333333334,0.08002761275265072,0.6666666666666666,0.07770758461295046,0.6458333333333334,0.0820547956766956,0.625
6102,patch,1,22,0,0.09787054672897916,0.22916666666666666,0.09301545443542922,0.3958333333333333,0.09284531865477287,0.375,0.09206989598531831,0.3958333333333333,0.09170087336810556,0.4166666666666667,0.09301545443542922,0.3958333333333333
6102,patch,1,23,0,0.07588874564757508,0.4166666666666667,0.07744219868361465,0.4166666666666667,0.07667258688132761,0.4166666666666667,0.07722085724678818,0.4166666666666667,0.07645059104353807,0.4375,0.07744219868361465,0.4166666666666667
6102,patch,1,24,4,0.07369158232920636,0.5416666666666666,0.07626152440215132,0.5,0.07403303050604493,0.5208333333333334,0.07466000042146483,0.5,0.07361482331064594,0.5208333333333334,0.07626152440215132,0.5
6102,patch,1,25,3,0.08083068675779488,0.4583333333333333,0.07350581334169365,0.4375,0.07307020785752856,0.4791666666666667,0.07262905448826545,0.5,0.07270654693149818,0.5208333333333334,0.07350581334169365,0.4375
6102,patch,1,26,1,0.06339707235098938,0.8333333333333334,0.03447339699783858,0.8541666666666666,0.03380879281395277,0.875,0.03459409562246375,0.875,0.03356359499544046,0.875,0.03447339699783858,0.8541666666666666
6102,patch,1,27,5,0.07411342605314866,0.7083333333333334,0.05731303498579797,0.7916666666666666,0.051491418433591785,0.8541666666666666,0.05135468682121191,0.875,0.050650249680888784,0.875,0.05731303498579797,0.7916666666666666
6102,patch,1,28,1,0.08659923251076837,0.5625,0.06729904889653433,0.5625,0.06618367388964022,0.6041666666666666,0.067240073825793,0.625,0.0667604341105612,0.6458333333333334,0.06729904889653433,0.5625
6102,patch,1,29,6,0.059403492414219154,0.6666666666666666,0.06259666924418855,0.5416666666666666,0.06273914893216176,0.5208333333333334,0.06412483700427103,0.4791666666666667,0.06458375418820053,0.5,0.06259666924418855,0.5416666666666666
6102,patch,1,30,0,0.08978739337453971,0.20833333333333334,0.08866654361992815,0.375,0.0883535127746854,0.3958333333333333,0.08685531251500334,0.4375,0.08667112924933976,0.4375,0.08866654361992815,0.375
6102,patch,1,31,0,0.07512463717432041,0.8125,0.07657807235103264,0.8541666666666666,0.07803054885753231,0.8541666666666666,0.07993818941709752,0.8333333333333334,0.0785336160097383,0.8541666666666666,0.07657807235103264,0.8541666666666666
6102,patch,1,32,6,0.053508384471975666,0.5625,0.05324095935548178,0.6666666666666666,0.05233128919605946,0.6666666666666666,0.0547272864562074,0.625,0.054649678909344294,0.6041666666666666,0.05324095935548178,0.6666666666666666
6102,patch,1,33,2,0.08606998594128376,0.6875,0.10841010705234944,0.6041666666666666,0.10906662405398065,0.6041666666666666,0.11251610794042916,0.5625,0.11376964251260563,0.5625,0.10841010705234944,0.6041666666666666
6102,patch,1,34,9,0.10733998072204289,0.4583333333333333,0.07957278226155996,0.5416666666666666,0.07874449851052714,0.5416666666666666,0.07871729303829504,0.5625,0.0793420228791811,0.5625,0.07957278226155996,0.5416666666666666
6102,patch,1,35,0,0.08601211380809207,0.3541666666666667,0.0846442658802621,0.375,0.08055033133608255,0.3958333333333333,0.08506078689147606,0.375,0.08150874808303042,0.375,0.0846442658802621,0.375
6102,patch,1,36,7,0.07595113082086935,0.6041666666666666,0.06782318470808262,0.5208333333333334,0.07087555949350183,0.5416666666666666,0.06887257150978647,0.5416666666666666,0.07180322706446562,0.5625,0.06782318470808262,0.5208333333333334
6102,patch,1,37,3,0.09227215572938155,0.75,0.0722035010119414,0.7291666666666666,0.07098982543255036,0.7083333333333334,0.07223014424675665,0.7291666666666666,0.07215245377450852,0.7291666666666666,0.0722035010119414,0.7291666666666666
6102,patch,1,38,0,0.08715812231819699,0.2916666666666667,0.0840568038890396,0.4791666666666667,0.08352893263954053,0.4791666666666667,0.08400115174171631,0.4791666666666667,0.08355390067601795,0.5,0.0840568038890396,0.4791666666666667
6102,patch,1,39,4,0.07580882051583196,0.75,0.0702017377856468,0.7083333333333334,0.06472780143901458,0.6875,0.06598470148107988,0.6875,0.06436923995576808,0.6875,0.0702017377856468,0.7083333333333334
6102,patch,1,40,1,0.06240362539273412,0.875,0.042281261322093755,0.875,0.04169882376299032,0.875,0.04088850853663379,0.875,0.040194828066528694,0.875,0.042281261322093755,0.875
6102,patch,1,41,1,0.04911058573764748,0.9791666666666666,0.03234313627341721,0.9791666666666666,0.03210041180408108,0.9791666666666666,0.03141964277082749,0.9791666666666666,0.031589651220464796,0.9791666666666666,0.03234313627341721,0.9791666666666666
6102,patch,1,42,8,0.10823795770601707,0.5208333333333334,0.10165925296122301,0.5833333333333334,0.10079351404040668,0.5625,0.10457477529487556,0.5416666666666666,0.102787095612659,0.5416666666666666,0.10165925296122301,0.5833333333333334
6102,patch,1,43,2,0.09643769028825636,0.1875,0.10014169283472113,0.3333333333333333,0.09933335235544655,0.3125,0.09868487819598051,0.3333333333333333,0.0994564280597921,0.2916666666666667,0.10014169283472113,0.3333333333333333
6102,patch,1,44,6,0.08517714446026377,0.4375,0.08491919888585718,0.5208333333333334,0.08636226786985299,0.5208333333333334,0.08721697619251456,0.5416666666666666,0.08717376889377491,0.5,0.08491919888585718,0.5208333333333334
6102,patch,1,45,7,0.08019447120795895,0.6666666666666666,0.062331460931748156,0.6875,0.06324394936976123,0.6666666666666666,0.061843459109027346,0.6666666666666666,0.06218794844028696,0.6458333333333334,0.062331460931748156,0.6875
6102,patch,1,46,6,0.0839964398203023,0.4166666666666667,0.08591253757589223,0.4375,0.08650237171495563,0.4166666666666667,0.08541606916189431,0.4375,0.08602350371361545,0.4375,0.08591253757589223,0.4375
6102,patch,1,47,7,0.06656156674075599,0.6458333333333334,0.0575013132791133,0.6458333333333334,0.057461577677150946,0.6458333333333334,0.0549903139253604,0.6666666666666666,0.05576912633168976,0.6875,0.0575013132791133,0.6458333333333334
6102,patch,2,0,3,0.09809628986604027,0.5208333333333334,0.09299645253803066,0.625,0.09448742156474661,0.6458333333333334,0.09341683768120723,0.625,0.09472835690478495,0.625,0.09331359401189443,0.625
6102,patch,2,1,4,0.07918265042095703,0.6666666666666666,0.05803631895419599,0.7083333333333334,0.058335097905939534,0.7083333333333334,0.05711338957472609,0.7083333333333334,0.05739369923640041,0.7083333333333334,0.05663279716736935,0.7083333333333334
6102,patch,2,2,4,0.08614247394108426,0.5833333333333334,0.07080169191888562,0.5625,0.07360195694804524,0.5833333333333334,0.06954359426958753,0.6041666666666666,0.07219224384480954,0.5833333333333334,0.0686496793437445,0.6041666666666666
6102,patch,2,3,3,0.07659693466157426,0.625,0.1142220991041537,0.5,0.1025425402063379,0.4791666666666667,0.08661428501512705,0.5,0.08716077875172198,0.4791666666666667,0.07984850520420278,0.5208333333333334
6102,patch,2,4,2,0.08559730807973982,0.5,0.07881647869528223,0.5833333333333334,0.0799270057783065,0.5625,0.07514479652077494,0.6041666666666666,0.07677228272373712,0.5625,0.07202391407741063,0.5625
6102,patch,2,5,5,0.07282518395480665,0.4791666666666667,0.08449506659275274,0.4583333333333333,0.08316952172555508,0.4583333333333333,0.07518979724249408,0.5,0.07549293161044615,0.5,0.07037435148744725,0.5625
6102,patch,2,6,4,0.07928249276277054,0.5,0.06661706885793635,0.6041666666666666,0.06883099865238029,0.5416666666666666,0.06542385195174448,0.5625,0.06780264080552625,0.5208333333333334,0.06424805953506926,0.5833333333333334
6102,patch,2,7,7,0.06765659856816651,0.4166666666666667,0.07737233171267821,0.3333333333333333,0.07494933338267157,0.3333333333333333,0.07175809303026874,0.3125,0.07204942119055233,0.3333333333333333,0.06942725798618286,0.3541666666666667
6102,patch,2,8,8,0.10544314980965544,0.5833333333333334,0.08296284404960858,0.6458333333333334,0.08283606859819943,0.6458333333333334,0.07938644625368196,0.6458333333333334,0.0803712725991785,0.6666666666666666,0.07611402194613266,0.625
6102,patch,2,9,2,0.09191086413095681,0.4583333333333333,0.10776196497701304,0.3958333333333333,0.1002507464006617,0.4375,0.0899798102921488,0.4166666666666667,0.09002222836205473,0.4375,0.08439603617861047,0.4166666666666667
6102,patch,2,10,0,0.09194292767765687,0.5416666666666666,0.09004372061015777,0.4791666666666667,0.0815184953375423,0.5416666666666666,0.08060463560461661,0.5208333333333334,0.07791547340300148,0.5833333333333334,0.0765192568671289,0.6458333333333334
6102,patch,2,11,1,0.07484521619828376,0.75,0.06464303556983693,0.7083333333333334,0.062345231325910244,0.7291666666666666,0.06520435491179133,0.7083333333333334,0.06344321275924658,0.7291666666666666,0.06657552598675112,0.7291666666666666
6102,patch,2,12,2,0.08812575124019148,0.5416666666666666,0.08757636167047195,0.4166666666666667,0.0879666621945398,0.4375,0.08324452071123586,0.4583333333333333,0.08430871455496161,0.4583333333333333,0.08082423693932268,0.4375
6102,patch,2,13,4,0.08825147292454225,0.5416666666666666,0.06857263513515344,0.6458333333333334,0.06931633147850103,0.6458333333333334,0.06769633994512951,0.6875,0.06876505922229087,0.6666666666666666,0.0675101983255171,0.6666666666666666
6102,patch,2,14,0,0.09046299408683725,0.4166666666666667,0.09674360441171324,0.4166666666666667,0.08173752845599974,0.5,0.08092489929998434,0.4791666666666667,0.0760415647208239,0.5416666666666666,0.07544136078134522,0.5833333333333334
6102,patch,2,15,0,0.09886813734465393,0.4583333333333333,0.09974185643586883,0.3958333333333333,0.08221372334498073,0.4791666666666667,0.08436539279100366,0.4791666666666667,0.079265166326248,0.5625,0.07957701066192568,0.5833333333333334
6102,patch,2,16,0,0.0993011025742806,0.5625,0.09439894958167921,0.4375,0.08097891898837878,0.5,0.0848336602966425,0.4375,0.0800209386870322,0.4791666666666667,0.08219183823935536,0.4583333333333333
6102,patch,2,17,4,0.09828369551844494,0.5208333333333334,0.08571856882545267,0.5625,0.08381938243874093,0.5625,0.08143782970049984,0.5625,0.08219926613302467,0.5625,0.07927567906352802,0.5625
6102,patch,2,18,9,0.07754407410636126,0.6041666666666666,0.07667230075336734,0.6041666666666666,0.07803380563156762,0.6041666666666666,0.07529346929453451,0.6041666666666666,0.07663030596596034,0.6041666666666666,0.07386153095773892,0.625
6102,patch,2,19,1,0.09628646050978965,0.8333333333333334,0.08577202686962629,0.8333333333333334,0.08296895737395699,0.8333333333333334,0.08601734709427548,0.8125,0.08400067373126253,0.8125,0.08658331192266693,0.8125
6102,patch,2,20,0,0.1168555208565939,0.4583333333333333,0.10498765204940944,0.4166666666666667,0.09611356527317265,0.4791666666666667,0.09838001041975908,0.4791666666666667,0.09519467349120518,0.4791666666666667,0.09584397523982187,0.4375
6102,patch,2,21,8,0.11912256301846222,0.5,0.08850843802281608,0.6458333333333334,0.08969747569922212,0.625,0.0871406388353573,0.6458333333333334,0.08915967397121845,0.6458333333333334,0.08594461622812921,0.6666666666666666
6102,patch,2,22,2,0.070692200424123,0.7083333333333334,0.06464973408472519,0.7708333333333334,0.06533492429079994,0.75,0.062237596629425976,0.7708333333333334,0.06349250001996566,0.75,0.06034921621875787,0.7708333333333334
6102,patch,2,23,8,0.10532318550030742,0.3125,0.09987660367389503,0.3958333333333333,0.0964899427935795,0.4166666666666667,0.09085180918470756,0.3958333333333333,0.09121926694936111,0.4166666666666667,0.08761404430784128,0.4583333333333333
6102,patch,2,24,9,0.10278228119526199,0.5416666666666666,0.08167736332647099,0.6041666666666666,0.08625163137482061,0.5833333333333334,0.08331908721841719,0.6041666666666666,0.08615590693151733,0.6041666666666666,0.08372277584719451,0.6458333333333334
6102,patch,2,25,9,0.10255782020326001,0.6041666666666666,0.08943019824809212,0.6458333333333334,0.09009869357825324,0.6666666666666666,0.08927738147256481,0.6458333333333334,0.08985382834338682,0.6666666666666666,0.08878384809855838,0.6666666666666666
6102,patch,2,26,6,0.07913728568562128,0.4166666666666667,0.06995223227026338,0.5416666666666666,0.06846342005969332,0.5,0.0662958578542115,0.5208333333333334,0.06601013902018862,0.5208333333333334,0.06311262878827671,0.5208333333333334
6102,patch,2,27,3,0.06055231549070106,0.7291666666666666,0.05726642305162438,0.7916666666666666,0.05793137954321643,0.7916666666666666,0.05737873251000132,0.7708333333333334,0.05829831762769344,0.7708333333333334,0.05841735417183602,0.75
6102,patch,2,28,6,0.08154429169266834,0.5833333333333334,0.07105002399539939,0.5833333333333334,0.06880974080835045,0.5833333333333334,0.06753909409509519,0.6041666666666666,0.06696176974728431,0.5833333333333334,0.06541553464155431,0.5833333333333334
6102,patch,2,29,1,0.0660944775645451,0.875,0.05669817811004333,0.8333333333333334,0.055035319274265415,0.8333333333333334,0.056383772125904244,0.8333333333333334,0.05511594018468837,0.8333333333333334,0.05694629177470887,0.8541666666666666
6102,patch,2,30,3,0.05844546502742101,0.7291666666666666,0.06538541871990214,0.7083333333333334,0.06579113928775789,0.7291666666666666,0.06351503373249842,0.7083333333333334,0.06378330338469883,0.7291666666666666,0.06211915157738121,0.7291666666666666
6102,patch,2,31,1,0.10079046744558354,0.7083333333333334,0.09459733699262605,0.7291666666666666,0.0924895901889136,0.7083333333333334,0.0940969899267794,0.7291666666666666,0.09247598623086344,0.7083333333333334,0.09428397217855577,0.7291666666666666
6102,patch,2,32,8,0.10783306806903743,0.4166666666666667,0.09522851674314961,0.5416666666666666,0.09516562088380584,0.4791666666666667,0.09146683784010284,0.5416666666666666,0.09264829762005863,0.5,0.08895758895366276,0.5625
6102,patch,2,33,5,0.07534978387720742,0.5625,0.07728949371093213,0.5833333333333334,0.07374891311361122,0.5833333333333334,0.0706061657808669,0.625,0.06936173707330559,0.625,0.06706440116317312,0.6458333333333334
6102,patch,2,34,1,0.08049047189977673,0.7708333333333334,0.06727809267626264,0.75,0.06803594384836092,0.7708333333333334,0.06822096015047256,0.7708333333333334,0.06855025517902869,0.7708333333333334,0.06921390785512763,0.7708333333333334
6102,patch,2,35,5,0.10418063676312933,0.4375,0.10098230062505201,0.5833333333333334,0.09619075534015549,0.6041666666666666,0.0981361659669959,0.6041666666666666,0.09521336130706322,0.6041666666666666,0.09681535780834837,0.6041666666666666
6102,patch,2,36,3,0.08495274741694406,0.3333333333333333,0.09945241740288113,0.375,0.09958078748094137,0.4375,0.09083640965626766,0.4166666666666667,0.09041527731361457,0.4583333333333333,0.08682446332348567,0.4583333333333333
6102,patch,2,37,4,0.07170477848325038,0.75,0.04571230307035729,0.7916666666666666,0.0471056475348165,0.7916666666666666,0.04608607324808729,0.7916666666666666,0.0470893540398237,0.7916666666666666,0.047106417967961084,0.7708333333333334
6102,patch,2,38,7,0.07195832407513625,0.7708333333333334,0.0699323475594384,0.7916666666666666,0.07195509434433775,0.7708333333333334,0.06890181171348565,0.7916666666666666,0.07133989431653122,0.7708333333333334,0.06866455694912371,0.7916666666666666
6102,patch,2,39,5,0.08241980059262266,0.75,0.11618449424774938,0.7083333333333334,0.1147190257558023,0.6875,0.09119976293606563,0.7291666666666666,0.09351411485927266,0.7291666666666666,0.08179154857341289,0.75
6102,patch,2,40,0,0.10688825359115908,0.2916666666666667,0.09128654062161365,0.3958333333333333,0.09064682385028044,0.4166666666666667,0.08937127741176318,0.4375,0.08913586096702532,0.4583333333333333,0.0878402213292165,0.4583333333333333
6102,patch,2,41,8,0.09136554268525823,0.375,0.09462859976317155,0.3125,0.09350423706193164,0.3333333333333333,0.08712938826227216,0.3125,0.08816799978692225,0.3333333333333333,0.0849202804374824,0.3333333333333333
6102,patch,2,42,3,0.07113030653608576,0.4791666666666667,0.07674801673786978,0.4583333333333333,0.07659163621202464,0.5,0.07596931608660089,0.4791666666666667,0.07646976249917463,0.5,0.07522850767861633,0.5
6102,patch,2,43,2,0.09211880294447697,0.5833333333333334,0.10648828186892043,0.5833333333333334,0.09975952245412087,0.6041666666666666,0.09616263547128744,0.5833333333333334,0.09497841654878954,0.5416666666666666,0.0921391813393356,0.5625
6102,patch,2,44,8,0.11476659144576029,0.5625,0.0888141702334651,0.5833333333333334,0.08796665541446519,0.625,0.0859889031944589,0.6041666666666666,0.08637700856124364,0.6458333333333334,0.08385979172658463,0.625
6102,patch,2,45,7,0.06505575305948955,0.5416666666666666,0.07902216810937683,0.5,0.08024656282230605,0.4791666666666667,0.07452121710041229,0.5208333333333334,0.07506205708787159,0.5208333333333334,0.07123430751430707,0.5208333333333334
6102,patch,2,46,6,0.0825296949697811,0.6875,0.07024510775164129,0.6875,0.06713111749228448,0.7083333333333334,0.06601586572561738,0.7083333333333334,0.06520249204007629,0.7083333333333334,0.06289330876502437,0.6875
6102,patch,2,47,6,0.06867200855915043,0.6041666666666666,0.07125269095541274,0.6666666666666666,0.06845704805327454,0.6666666666666666,0.06735697623324485,0.6666666666666666,0.06649314268178105,0.6666666666666666,0.0648584745400187,0.6458333333333334
